game_episode,end_x,end_y
153363_1,68.45,33.62
153363_10,68.45,33.62
153363_12,68.45,33.62
153363_13,68.45,33.62
153363_15,68.45,33.62
153363_16,68.45,33.62
153363_17,68.45,33.62
153363_18,68.45,33.62
153363_19,68.45,33.62
153363_2,68.45,33.62
153363_20,68.45,33.62
153363_21,68.45,33.62
153363_22,68.45,33.62
153363_23,68.45,33.62
153363_24,68.45,33.62
153363_26,68.45,33.62
153363_27,68.45,33.62
153363_28,68.45,33.62
153363_29,68.45,33.62
153363_30,68.45,33.62
153363_31,68.45,33.62
153363_32,68.45,33.62
153363_33,68.45,33.62
153363_34,68.45,33.62
153363_35,68.45,33.62
153363_36,68.45,33.62
153363_37,68.45,33.62
153363_38,68.45,33.62
153363_41,68.45,33.62
153363_43,68.45,33.62
153363_44,68.45,33.62
153363_47,68.45,33.62
153363_48,68.45,33.62
153363_49,68.45,33.62
153363_50,68.45,33.62
153363_51,68.45,33.62
153363_52,68.45,33.62
153363_53,68.45,33.62
153363_54,68.45,33.62
153363_56,68.45,33.62
153363_57,68.45,33.62
153363_58,68.45,33.62
153363_59,68.45,33.62
153363_6,68.45,33.62
153363_60,68.45,33.62
153363_61,68.45,33.62
153363_62,68.45,33.62
153363_64,68.45,33.62
153363_65,68.45,33.62
153363_66,68.45,33.62
153363_67,68.45,33.62
153363_68,68.45,33.62
153363_69,68.45,33.62
153363_7,68.45,33.62
153363_70,68.45,33.62
153363_71,68.45,33.62
153363_72,68.45,33.62
153363_73,68.45,33.62
153363_74,68.45,33.62
153363_75,68.45,33.62
153363_76,68.45,33.62
153363_77,68.45,33.62
153363_79,68.45,33.62
153363_8,68.45,33.62
153363_80,68.45,33.62
153363_81,68.45,33.62
153363_82,68.45,33.62
153363_83,68.45,33.62
153363_84,68.45,33.62
153363_85,68.45,33.62
153363_86,68.45,33.62
153363_9,68.45,33.62
153364_1,68.45,33.62
153364_10,68.45,33.62
153364_11,68.45,33.62
153364_12,68.45,33.62
153364_14,68.45,33.62
153364_15,68.45,33.62
153364_16,68.45,33.62
153364_17,68.45,33.62
153364_18,68.45,33.62
153364_19,68.45,33.62
153364_2,68.45,33.62
153364_20,68.45,33.62
153364_21,68.45,33.62
153364_22,68.45,33.62
153364_23,68.45,33.62
153364_24,68.45,33.62
153364_25,68.45,33.62
153364_26,68.45,33.62
153364_27,68.45,33.62
153364_28,68.45,33.62
153364_29,68.45,33.62
153364_3,68.45,33.62
153364_30,68.45,33.62
153364_31,68.45,33.62
153364_32,68.45,33.62
153364_33,68.45,33.62
153364_34,68.45,33.62
153364_36,68.45,33.62
153364_37,68.45,33.62
153364_38,68.45,33.62
153364_39,68.45,33.62
153364_4,68.45,33.62
153364_40,68.45,33.62
153364_41,68.45,33.62
153364_42,68.45,33.62
153364_43,68.45,33.62
153364_44,68.45,33.62
153364_45,68.45,33.62
153364_46,68.45,33.62
153364_47,68.45,33.62
153364_48,68.45,33.62
153364_49,68.45,33.62
153364_5,68.45,33.62
153364_50,68.45,33.62
153364_52,68.45,33.62
153364_53,68.45,33.62
153364_54,68.45,33.62
153364_55,68.45,33.62
153364_56,68.45,33.62
153364_57,68.45,33.62
153364_58,68.45,33.62
153364_59,68.45,33.62
153364_6,68.45,33.62
153364_61,68.45,33.62
153364_62,68.45,33.62
153364_63,68.45,33.62
153364_65,68.45,33.62
153364_66,68.45,33.62
153364_67,68.45,33.62
153364_68,68.45,33.62
153364_69,68.45,33.62
153364_7,68.45,33.62
153364_70,68.45,33.62
153364_71,68.45,33.62
153364_73,68.45,33.62
153364_74,68.45,33.62
153364_75,68.45,33.62
153364_76,68.45,33.62
153364_78,68.45,33.62
153364_79,68.45,33.62
153364_8,68.45,33.62
153364_80,68.45,33.62
153364_81,68.45,33.62
153364_82,68.45,33.62
153364_84,68.45,33.62
153364_85,68.45,33.62
153364_86,68.45,33.62
153364_9,68.45,33.62
153365_1,68.45,33.62
153365_10,68.45,33.62
153365_11,68.45,33.62
153365_12,68.45,33.62
153365_13,68.45,33.62
153365_14,68.45,33.62
153365_15,68.45,33.62
153365_16,68.45,33.62
153365_17,68.45,33.62
153365_2,68.45,33.62
153365_20,68.45,33.62
153365_21,68.45,33.62
153365_23,68.45,33.62
153365_24,68.45,33.62
153365_25,68.45,33.62
153365_26,68.45,33.62
153365_28,68.45,33.62
153365_29,68.45,33.62
153365_3,68.45,33.62
153365_30,68.45,33.62
153365_31,68.45,33.62
153365_32,68.45,33.62
153365_33,68.45,33.62
153365_34,68.45,33.62
153365_35,68.45,33.62
153365_36,68.45,33.62
153365_37,68.45,33.62
153365_38,68.45,33.62
153365_39,68.45,33.62
153365_4,68.45,33.62
153365_40,68.45,33.62
153365_41,68.45,33.62
153365_42,68.45,33.62
153365_43,68.45,33.62
153365_44,68.45,33.62
153365_45,68.45,33.62
153365_46,68.45,33.62
153365_47,68.45,33.62
153365_48,68.45,33.62
153365_49,68.45,33.62
153365_5,68.45,33.62
153365_50,68.45,33.62
153365_51,68.45,33.62
153365_53,68.45,33.62
153365_54,68.45,33.62
153365_55,68.45,33.62
153365_56,68.45,33.62
153365_57,68.45,33.62
153365_58,68.45,33.62
153365_59,68.45,33.62
153365_6,68.45,33.62
153365_60,68.45,33.62
153365_61,68.45,33.62
153365_62,68.45,33.62
153365_64,68.45,33.62
153365_65,68.45,33.62
153365_66,68.45,33.62
153365_68,68.45,33.62
153365_69,68.45,33.62
153365_7,68.45,33.62
153365_70,68.45,33.62
153365_71,68.45,33.62
153365_72,68.45,33.62
153365_73,68.45,33.62
153365_74,68.45,33.62
153365_75,68.45,33.62
153365_76,68.45,33.62
153365_77,68.45,33.62
153365_79,68.45,33.62
153365_8,68.45,33.62
153365_80,68.45,33.62
153365_82,68.45,33.62
153365_83,68.45,33.62
153365_84,68.45,33.62
153365_85,68.45,33.62
153365_86,68.45,33.62
153365_89,68.45,33.62
153365_9,68.45,33.62
153365_90,68.45,33.62
153365_91,68.45,33.62
153365_92,68.45,33.62
153365_93,68.45,33.62
153366_1,68.45,33.62
153366_10,68.45,33.62
153366_11,68.45,33.62
153366_12,68.45,33.62
153366_13,68.45,33.62
153366_14,68.45,33.62
153366_15,68.45,33.62
153366_16,68.45,33.62
153366_17,68.45,33.62
153366_18,68.45,33.62
153366_19,68.45,33.62
153366_20,68.45,33.62
153366_21,68.45,33.62
153366_22,68.45,33.62
153366_23,68.45,33.62
153366_24,68.45,33.62
153366_25,68.45,33.62
153366_27,68.45,33.62
153366_28,68.45,33.62
153366_29,68.45,33.62
153366_3,68.45,33.62
153366_30,68.45,33.62
153366_31,68.45,33.62
153366_32,68.45,33.62
153366_33,68.45,33.62
153366_35,68.45,33.62
153366_36,68.45,33.62
153366_37,68.45,33.62
153366_38,68.45,33.62
153366_39,68.45,33.62
153366_4,68.45,33.62
153366_40,68.45,33.62
153366_41,68.45,33.62
153366_42,68.45,33.62
153366_43,68.45,33.62
153366_44,68.45,33.62
153366_46,68.45,33.62
153366_47,68.45,33.62
153366_48,68.45,33.62
153366_49,68.45,33.62
153366_5,68.45,33.62
153366_50,68.45,33.62
153366_51,68.45,33.62
153366_52,68.45,33.62
153366_53,68.45,33.62
153366_54,68.45,33.62
153366_55,68.45,33.62
153366_56,68.45,33.62
153366_57,68.45,33.62
153366_58,68.45,33.62
153366_59,68.45,33.62
153366_6,68.45,33.62
153366_60,68.45,33.62
153366_61,68.45,33.62
153366_62,68.45,33.62
153366_64,68.45,33.62
153366_65,68.45,33.62
153366_66,68.45,33.62
153366_67,68.45,33.62
153366_68,68.45,33.62
153366_69,68.45,33.62
153366_7,68.45,33.62
153366_71,68.45,33.62
153366_72,68.45,33.62
153366_73,68.45,33.62
153366_74,68.45,33.62
153366_75,68.45,33.62
153366_76,68.45,33.62
153366_77,68.45,33.62
153366_78,68.45,33.62
153366_79,68.45,33.62
153366_8,68.45,33.62
153366_80,68.45,33.62
153366_81,68.45,33.62
153366_82,68.45,33.62
153366_83,68.45,33.62
153366_84,68.45,33.62
153366_85,68.45,33.62
153366_86,68.45,33.62
153366_88,68.45,33.62
153366_89,68.45,33.62
153366_9,68.45,33.62
153366_90,68.45,33.62
153366_92,68.45,33.62
153366_93,68.45,33.62
153366_94,68.45,33.62
153366_95,68.45,33.62
153367_1,68.45,33.62
153367_10,68.45,33.62
153367_101,68.45,33.62
153367_102,68.45,33.62
153367_103,68.45,33.62
153367_104,68.45,33.62
153367_106,68.45,33.62
153367_107,68.45,33.62
153367_108,68.45,33.62
153367_109,68.45,33.62
153367_11,68.45,33.62
153367_110,68.45,33.62
153367_111,68.45,33.62
153367_12,68.45,33.62
153367_13,68.45,33.62
153367_14,68.45,33.62
153367_16,68.45,33.62
153367_17,68.45,33.62
153367_18,68.45,33.62
153367_19,68.45,33.62
153367_2,68.45,33.62
153367_21,68.45,33.62
153367_22,68.45,33.62
153367_24,68.45,33.62
153367_25,68.45,33.62
153367_26,68.45,33.62
153367_27,68.45,33.62
153367_28,68.45,33.62
153367_3,68.45,33.62
153367_30,68.45,33.62
153367_31,68.45,33.62
153367_32,68.45,33.62
153367_33,68.45,33.62
153367_34,68.45,33.62
153367_35,68.45,33.62
153367_36,68.45,33.62
153367_37,68.45,33.62
153367_38,68.45,33.62
153367_39,68.45,33.62
153367_4,68.45,33.62
153367_40,68.45,33.62
153367_41,68.45,33.62
153367_42,68.45,33.62
153367_43,68.45,33.62
153367_44,68.45,33.62
153367_45,68.45,33.62
153367_46,68.45,33.62
153367_47,68.45,33.62
153367_48,68.45,33.62
153367_49,68.45,33.62
153367_50,68.45,33.62
153367_51,68.45,33.62
153367_52,68.45,33.62
153367_53,68.45,33.62
153367_54,68.45,33.62
153367_55,68.45,33.62
153367_56,68.45,33.62
153367_58,68.45,33.62
153367_59,68.45,33.62
153367_60,68.45,33.62
153367_61,68.45,33.62
153367_62,68.45,33.62
153367_63,68.45,33.62
153367_64,68.45,33.62
153367_65,68.45,33.62
153367_66,68.45,33.62
153367_67,68.45,33.62
153367_68,68.45,33.62
153367_69,68.45,33.62
153367_7,68.45,33.62
153367_70,68.45,33.62
153367_71,68.45,33.62
153367_72,68.45,33.62
153367_73,68.45,33.62
153367_74,68.45,33.62
153367_75,68.45,33.62
153367_76,68.45,33.62
153367_77,68.45,33.62
153367_78,68.45,33.62
153367_79,68.45,33.62
153367_8,68.45,33.62
153367_80,68.45,33.62
153367_81,68.45,33.62
153367_82,68.45,33.62
153367_83,68.45,33.62
153367_84,68.45,33.62
153367_85,68.45,33.62
153367_87,68.45,33.62
153367_89,68.45,33.62
153367_9,68.45,33.62
153367_90,68.45,33.62
153367_92,68.45,33.62
153367_93,68.45,33.62
153367_94,68.45,33.62
153367_95,68.45,33.62
153367_96,68.45,33.62
153367_97,68.45,33.62
153367_98,68.45,33.62
153367_99,68.45,33.62
153368_1,68.45,33.62
153368_10,68.45,33.62
153368_11,68.45,33.62
153368_12,68.45,33.62
153368_14,68.45,33.62
153368_15,68.45,33.62
153368_16,68.45,33.62
153368_17,68.45,33.62
153368_18,68.45,33.62
153368_19,68.45,33.62
153368_2,68.45,33.62
153368_20,68.45,33.62
153368_21,68.45,33.62
153368_22,68.45,33.62
153368_25,68.45,33.62
153368_26,68.45,33.62
153368_27,68.45,33.62
153368_28,68.45,33.62
153368_29,68.45,33.62
153368_3,68.45,33.62
153368_30,68.45,33.62
153368_31,68.45,33.62
153368_32,68.45,33.62
153368_33,68.45,33.62
153368_34,68.45,33.62
153368_36,68.45,33.62
153368_37,68.45,33.62
153368_38,68.45,33.62
153368_39,68.45,33.62
153368_4,68.45,33.62
153368_41,68.45,33.62
153368_42,68.45,33.62
153368_44,68.45,33.62
153368_45,68.45,33.62
153368_46,68.45,33.62
153368_47,68.45,33.62
153368_48,68.45,33.62
153368_49,68.45,33.62
153368_5,68.45,33.62
153368_51,68.45,33.62
153368_52,68.45,33.62
153368_53,68.45,33.62
153368_54,68.45,33.62
153368_55,68.45,33.62
153368_57,68.45,33.62
153368_58,68.45,33.62
153368_59,68.45,33.62
153368_60,68.45,33.62
153368_61,68.45,33.62
153368_62,68.45,33.62
153368_63,68.45,33.62
153368_64,68.45,33.62
153368_65,68.45,33.62
153368_66,68.45,33.62
153368_68,68.45,33.62
153368_69,68.45,33.62
153368_70,68.45,33.62
153368_71,68.45,33.62
153368_73,68.45,33.62
153368_74,68.45,33.62
153368_75,68.45,33.62
153368_76,68.45,33.62
153368_77,68.45,33.62
153368_78,68.45,33.62
153368_79,68.45,33.62
153368_8,68.45,33.62
153368_80,68.45,33.62
153368_81,68.45,33.62
153368_82,68.45,33.62
153368_84,68.45,33.62
153368_85,68.45,33.62
153368_86,68.45,33.62
153368_9,68.45,33.62
153369_1,68.45,33.62
153369_10,68.45,33.62
153369_11,68.45,33.62
153369_12,68.45,33.62
153369_13,68.45,33.62
153369_14,68.45,33.62
153369_15,68.45,33.62
153369_16,68.45,33.62
153369_17,68.45,33.62
153369_18,68.45,33.62
153369_19,68.45,33.62
153369_2,68.45,33.62
153369_20,68.45,33.62
153369_21,68.45,33.62
153369_22,68.45,33.62
153369_23,68.45,33.62
153369_24,68.45,33.62
153369_25,68.45,33.62
153369_26,68.45,33.62
153369_27,68.45,33.62
153369_28,68.45,33.62
153369_29,68.45,33.62
153369_3,68.45,33.62
153369_30,68.45,33.62
153369_31,68.45,33.62
153369_33,68.45,33.62
153369_34,68.45,33.62
153369_35,68.45,33.62
153369_37,68.45,33.62
153369_38,68.45,33.62
153369_39,68.45,33.62
153369_4,68.45,33.62
153369_41,68.45,33.62
153369_42,68.45,33.62
153369_43,68.45,33.62
153369_44,68.45,33.62
153369_45,68.45,33.62
153369_46,68.45,33.62
153369_5,68.45,33.62
153369_50,68.45,33.62
153369_51,68.45,33.62
153369_52,68.45,33.62
153369_54,68.45,33.62
153369_55,68.45,33.62
153369_56,68.45,33.62
153369_57,68.45,33.62
153369_58,68.45,33.62
153369_60,68.45,33.62
153369_62,68.45,33.62
153369_63,68.45,33.62
153369_65,68.45,33.62
153369_66,68.45,33.62
153369_67,68.45,33.62
153369_68,68.45,33.62
153369_69,68.45,33.62
153369_7,68.45,33.62
153369_70,68.45,33.62
153369_71,68.45,33.62
153369_72,68.45,33.62
153369_73,68.45,33.62
153369_76,68.45,33.62
153369_77,68.45,33.62
153369_78,68.45,33.62
153369_80,68.45,33.62
153369_82,68.45,33.62
153369_83,68.45,33.62
153369_84,68.45,33.62
153369_85,68.45,33.62
153369_86,68.45,33.62
153369_88,68.45,33.62
153370_1,68.45,33.62
153370_10,68.45,33.62
153370_11,68.45,33.62
153370_12,68.45,33.62
153370_13,68.45,33.62
153370_14,68.45,33.62
153370_16,68.45,33.62
153370_17,68.45,33.62
153370_18,68.45,33.62
153370_19,68.45,33.62
153370_2,68.45,33.62
153370_20,68.45,33.62
153370_21,68.45,33.62
153370_22,68.45,33.62
153370_23,68.45,33.62
153370_24,68.45,33.62
153370_25,68.45,33.62
153370_26,68.45,33.62
153370_27,68.45,33.62
153370_28,68.45,33.62
153370_3,68.45,33.62
153370_30,68.45,33.62
153370_31,68.45,33.62
153370_32,68.45,33.62
153370_33,68.45,33.62
153370_35,68.45,33.62
153370_36,68.45,33.62
153370_37,68.45,33.62
153370_38,68.45,33.62
153370_39,68.45,33.62
153370_4,68.45,33.62
153370_40,68.45,33.62
153370_41,68.45,33.62
153370_42,68.45,33.62
153370_43,68.45,33.62
153370_44,68.45,33.62
153370_45,68.45,33.62
153370_46,68.45,33.62
153370_47,68.45,33.62
153370_49,68.45,33.62
153370_5,68.45,33.62
153370_50,68.45,33.62
153370_51,68.45,33.62
153370_53,68.45,33.62
153370_54,68.45,33.62
153370_55,68.45,33.62
153370_56,68.45,33.62
153370_57,68.45,33.62
153370_58,68.45,33.62
153370_59,68.45,33.62
153370_6,68.45,33.62
153370_60,68.45,33.62
153370_61,68.45,33.62
153370_63,68.45,33.62
153370_64,68.45,33.62
153370_65,68.45,33.62
153370_66,68.45,33.62
153370_67,68.45,33.62
153370_68,68.45,33.62
153370_69,68.45,33.62
153370_7,68.45,33.62
153370_70,68.45,33.62
153370_71,68.45,33.62
153370_72,68.45,33.62
153370_73,68.45,33.62
153370_74,68.45,33.62
153370_75,68.45,33.62
153370_76,68.45,33.62
153370_78,68.45,33.62
153370_79,68.45,33.62
153370_8,68.45,33.62
153370_80,68.45,33.62
153370_81,68.45,33.62
153370_83,68.45,33.62
153370_85,68.45,33.62
153370_86,68.45,33.62
153370_88,68.45,33.62
153370_89,68.45,33.62
153370_9,68.45,33.62
153370_90,68.45,33.62
153370_91,68.45,33.62
153370_92,68.45,33.62
153371_1,68.45,33.62
153371_10,68.45,33.62
153371_11,68.45,33.62
153371_12,68.45,33.62
153371_13,68.45,33.62
153371_14,68.45,33.62
153371_15,68.45,33.62
153371_16,68.45,33.62
153371_17,68.45,33.62
153371_18,68.45,33.62
153371_19,68.45,33.62
153371_2,68.45,33.62
153371_20,68.45,33.62
153371_21,68.45,33.62
153371_22,68.45,33.62
153371_23,68.45,33.62
153371_24,68.45,33.62
153371_25,68.45,33.62
153371_26,68.45,33.62
153371_27,68.45,33.62
153371_28,68.45,33.62
153371_29,68.45,33.62
153371_3,68.45,33.62
153371_30,68.45,33.62
153371_31,68.45,33.62
153371_32,68.45,33.62
153371_34,68.45,33.62
153371_35,68.45,33.62
153371_36,68.45,33.62
153371_37,68.45,33.62
153371_38,68.45,33.62
153371_39,68.45,33.62
153371_4,68.45,33.62
153371_40,68.45,33.62
153371_41,68.45,33.62
153371_42,68.45,33.62
153371_43,68.45,33.62
153371_44,68.45,33.62
153371_45,68.45,33.62
153371_48,68.45,33.62
153371_49,68.45,33.62
153371_5,68.45,33.62
153371_50,68.45,33.62
153371_51,68.45,33.62
153371_52,68.45,33.62
153371_53,68.45,33.62
153371_54,68.45,33.62
153371_55,68.45,33.62
153371_56,68.45,33.62
153371_57,68.45,33.62
153371_58,68.45,33.62
153371_6,68.45,33.62
153371_60,68.45,33.62
153371_61,68.45,33.62
153371_62,68.45,33.62
153371_63,68.45,33.62
153371_64,68.45,33.62
153371_65,68.45,33.62
153371_66,68.45,33.62
153371_67,68.45,33.62
153371_68,68.45,33.62
153371_69,68.45,33.62
153371_7,68.45,33.62
153371_70,68.45,33.62
153371_71,68.45,33.62
153371_72,68.45,33.62
153371_73,68.45,33.62
153371_74,68.45,33.62
153371_75,68.45,33.62
153371_76,68.45,33.62
153371_77,68.45,33.62
153371_78,68.45,33.62
153371_79,68.45,33.62
153371_8,68.45,33.62
153371_80,68.45,33.62
153371_81,68.45,33.62
153371_82,68.45,33.62
153371_83,68.45,33.62
153371_84,68.45,33.62
153371_85,68.45,33.62
153371_86,68.45,33.62
153371_87,68.45,33.62
153371_88,68.45,33.62
153371_9,68.45,33.62
153372_1,68.45,33.62
153372_10,68.45,33.62
153372_11,68.45,33.62
153372_12,68.45,33.62
153372_13,68.45,33.62
153372_14,68.45,33.62
153372_16,68.45,33.62
153372_17,68.45,33.62
153372_18,68.45,33.62
153372_19,68.45,33.62
153372_2,68.45,33.62
153372_20,68.45,33.62
153372_21,68.45,33.62
153372_22,68.45,33.62
153372_24,68.45,33.62
153372_25,68.45,33.62
153372_26,68.45,33.62
153372_27,68.45,33.62
153372_28,68.45,33.62
153372_29,68.45,33.62
153372_3,68.45,33.62
153372_30,68.45,33.62
153372_31,68.45,33.62
153372_32,68.45,33.62
153372_33,68.45,33.62
153372_34,68.45,33.62
153372_35,68.45,33.62
153372_36,68.45,33.62
153372_38,68.45,33.62
153372_39,68.45,33.62
153372_4,68.45,33.62
153372_40,68.45,33.62
153372_41,68.45,33.62
153372_42,68.45,33.62
153372_43,68.45,33.62
153372_44,68.45,33.62
153372_45,68.45,33.62
153372_46,68.45,33.62
153372_47,68.45,33.62
153372_48,68.45,33.62
153372_49,68.45,33.62
153372_5,68.45,33.62
153372_50,68.45,33.62
153372_51,68.45,33.62
153372_52,68.45,33.62
153372_53,68.45,33.62
153372_54,68.45,33.62
153372_55,68.45,33.62
153372_56,68.45,33.62
153372_57,68.45,33.62
153372_58,68.45,33.62
153372_59,68.45,33.62
153372_6,68.45,33.62
153372_60,68.45,33.62
153372_61,68.45,33.62
153372_62,68.45,33.62
153372_63,68.45,33.62
153372_64,68.45,33.62
153372_65,68.45,33.62
153372_66,68.45,33.62
153372_67,68.45,33.62
153372_68,68.45,33.62
153372_69,68.45,33.62
153372_7,68.45,33.62
153372_70,68.45,33.62
153372_71,68.45,33.62
153372_72,68.45,33.62
153372_73,68.45,33.62
153372_74,68.45,33.62
153372_75,68.45,33.62
153372_76,68.45,33.62
153372_77,68.45,33.62
153372_79,68.45,33.62
153372_80,68.45,33.62
153372_82,68.45,33.62
153372_83,68.45,33.62
153372_84,68.45,33.62
153372_85,68.45,33.62
153372_86,68.45,33.62
153372_87,68.45,33.62
153372_88,68.45,33.62
153372_89,68.45,33.62
153372_9,68.45,33.62
153372_90,68.45,33.62
153372_91,68.45,33.62
153372_92,68.45,33.62
153372_93,68.45,33.62
153372_94,68.45,33.62
153372_95,68.45,33.62
153372_96,68.45,33.62
153372_97,68.45,33.62
153373_1,68.45,33.62
153373_10,68.45,33.62
153373_13,68.45,33.62
153373_14,68.45,33.62
153373_15,68.45,33.62
153373_16,68.45,33.62
153373_17,68.45,33.62
153373_18,68.45,33.62
153373_19,68.45,33.62
153373_2,68.45,33.62
153373_20,68.45,33.62
153373_21,68.45,33.62
153373_22,68.45,33.62
153373_23,68.45,33.62
153373_24,68.45,33.62
153373_25,68.45,33.62
153373_26,68.45,33.62
153373_27,68.45,33.62
153373_28,68.45,33.62
153373_29,68.45,33.62
153373_3,68.45,33.62
153373_30,68.45,33.62
153373_31,68.45,33.62
153373_32,68.45,33.62
153373_34,68.45,33.62
153373_35,68.45,33.62
153373_36,68.45,33.62
153373_37,68.45,33.62
153373_38,68.45,33.62
153373_4,68.45,33.62
153373_40,68.45,33.62
153373_41,68.45,33.62
153373_44,68.45,33.62
153373_45,68.45,33.62
153373_46,68.45,33.62
153373_47,68.45,33.62
153373_49,68.45,33.62
153373_5,68.45,33.62
153373_50,68.45,33.62
153373_51,68.45,33.62
153373_52,68.45,33.62
153373_54,68.45,33.62
153373_55,68.45,33.62
153373_56,68.45,33.62
153373_57,68.45,33.62
153373_58,68.45,33.62
153373_6,68.45,33.62
153373_60,68.45,33.62
153373_61,68.45,33.62
153373_63,68.45,33.62
153373_64,68.45,33.62
153373_65,68.45,33.62
153373_66,68.45,33.62
153373_67,68.45,33.62
153373_68,68.45,33.62
153373_7,68.45,33.62
153373_70,68.45,33.62
153373_71,68.45,33.62
153373_72,68.45,33.62
153373_73,68.45,33.62
153373_76,68.45,33.62
153373_77,68.45,33.62
153373_78,68.45,33.62
153373_79,68.45,33.62
153373_8,68.45,33.62
153373_80,68.45,33.62
153373_81,68.45,33.62
153373_82,68.45,33.62
153373_83,68.45,33.62
153373_84,68.45,33.62
153373_86,68.45,33.62
153373_87,68.45,33.62
153373_88,68.45,33.62
153373_89,68.45,33.62
153373_9,68.45,33.62
153373_90,68.45,33.62
153373_91,68.45,33.62
153373_92,68.45,33.62
153373_93,68.45,33.62
153373_94,68.45,33.62
153373_95,68.45,33.62
153373_96,68.45,33.62
153373_98,68.45,33.62
153373_99,68.45,33.62
153374_1,68.45,33.62
153374_11,68.45,33.62
153374_12,68.45,33.62
153374_14,68.45,33.62
153374_15,68.45,33.62
153374_16,68.45,33.62
153374_18,68.45,33.62
153374_19,68.45,33.62
153374_2,68.45,33.62
153374_20,68.45,33.62
153374_22,68.45,33.62
153374_23,68.45,33.62
153374_24,68.45,33.62
153374_25,68.45,33.62
153374_26,68.45,33.62
153374_27,68.45,33.62
153374_28,68.45,33.62
153374_3,68.45,33.62
153374_30,68.45,33.62
153374_31,68.45,33.62
153374_32,68.45,33.62
153374_33,68.45,33.62
153374_36,68.45,33.62
153374_37,68.45,33.62
153374_38,68.45,33.62
153374_39,68.45,33.62
153374_4,68.45,33.62
153374_40,68.45,33.62
153374_41,68.45,33.62
153374_43,68.45,33.62
153374_44,68.45,33.62
153374_45,68.45,33.62
153374_46,68.45,33.62
153374_47,68.45,33.62
153374_48,68.45,33.62
153374_49,68.45,33.62
153374_5,68.45,33.62
153374_50,68.45,33.62
153374_51,68.45,33.62
153374_52,68.45,33.62
153374_53,68.45,33.62
153374_54,68.45,33.62
153374_55,68.45,33.62
153374_56,68.45,33.62
153374_57,68.45,33.62
153374_58,68.45,33.62
153374_59,68.45,33.62
153374_6,68.45,33.62
153374_61,68.45,33.62
153374_62,68.45,33.62
153374_63,68.45,33.62
153374_64,68.45,33.62
153374_65,68.45,33.62
153374_66,68.45,33.62
153374_67,68.45,33.62
153374_68,68.45,33.62
153374_69,68.45,33.62
153374_7,68.45,33.62
153374_71,68.45,33.62
153374_73,68.45,33.62
153374_74,68.45,33.62
153374_75,68.45,33.62
153374_76,68.45,33.62
153374_77,68.45,33.62
153374_79,68.45,33.62
153374_8,68.45,33.62
153374_80,68.45,33.62
153374_82,68.45,33.62
153374_83,68.45,33.62
153374_84,68.45,33.62
153374_85,68.45,33.62
153374_9,68.45,33.62
153375_1,68.45,33.62
153375_10,68.45,33.62
153375_11,68.45,33.62
153375_12,68.45,33.62
153375_13,68.45,33.62
153375_14,68.45,33.62
153375_15,68.45,33.62
153375_16,68.45,33.62
153375_17,68.45,33.62
153375_18,68.45,33.62
153375_19,68.45,33.62
153375_2,68.45,33.62
153375_20,68.45,33.62
153375_21,68.45,33.62
153375_22,68.45,33.62
153375_23,68.45,33.62
153375_24,68.45,33.62
153375_25,68.45,33.62
153375_26,68.45,33.62
153375_27,68.45,33.62
153375_28,68.45,33.62
153375_29,68.45,33.62
153375_3,68.45,33.62
153375_30,68.45,33.62
153375_32,68.45,33.62
153375_33,68.45,33.62
153375_35,68.45,33.62
153375_36,68.45,33.62
153375_39,68.45,33.62
153375_40,68.45,33.62
153375_41,68.45,33.62
153375_42,68.45,33.62
153375_43,68.45,33.62
153375_44,68.45,33.62
153375_45,68.45,33.62
153375_46,68.45,33.62
153375_47,68.45,33.62
153375_48,68.45,33.62
153375_49,68.45,33.62
153375_5,68.45,33.62
153375_50,68.45,33.62
153375_51,68.45,33.62
153375_53,68.45,33.62
153375_54,68.45,33.62
153375_55,68.45,33.62
153375_56,68.45,33.62
153375_57,68.45,33.62
153375_58,68.45,33.62
153375_59,68.45,33.62
153375_6,68.45,33.62
153375_60,68.45,33.62
153375_61,68.45,33.62
153375_62,68.45,33.62
153375_63,68.45,33.62
153375_65,68.45,33.62
153375_66,68.45,33.62
153375_67,68.45,33.62
153375_68,68.45,33.62
153375_69,68.45,33.62
153375_7,68.45,33.62
153375_70,68.45,33.62
153375_71,68.45,33.62
153375_72,68.45,33.62
153375_73,68.45,33.62
153375_77,68.45,33.62
153375_78,68.45,33.62
153375_79,68.45,33.62
153375_8,68.45,33.62
153375_80,68.45,33.62
153375_82,68.45,33.62
153375_83,68.45,33.62
153375_84,68.45,33.62
153375_9,68.45,33.62
153376_1,68.45,33.62
153376_10,68.45,33.62
153376_11,68.45,33.62
153376_12,68.45,33.62
153376_13,68.45,33.62
153376_15,68.45,33.62
153376_16,68.45,33.62
153376_18,68.45,33.62
153376_19,68.45,33.62
153376_2,68.45,33.62
153376_22,68.45,33.62
153376_23,68.45,33.62
153376_24,68.45,33.62
153376_25,68.45,33.62
153376_26,68.45,33.62
153376_27,68.45,33.62
153376_28,68.45,33.62
153376_29,68.45,33.62
153376_3,68.45,33.62
153376_30,68.45,33.62
153376_31,68.45,33.62
153376_33,68.45,33.62
153376_34,68.45,33.62
153376_35,68.45,33.62
153376_36,68.45,33.62
153376_39,68.45,33.62
153376_4,68.45,33.62
153376_40,68.45,33.62
153376_41,68.45,33.62
153376_42,68.45,33.62
153376_43,68.45,33.62
153376_44,68.45,33.62
153376_47,68.45,33.62
153376_48,68.45,33.62
153376_49,68.45,33.62
153376_5,68.45,33.62
153376_50,68.45,33.62
153376_51,68.45,33.62
153376_52,68.45,33.62
153376_53,68.45,33.62
153376_54,68.45,33.62
153376_55,68.45,33.62
153376_56,68.45,33.62
153376_57,68.45,33.62
153376_6,68.45,33.62
153376_60,68.45,33.62
153376_61,68.45,33.62
153376_62,68.45,33.62
153376_63,68.45,33.62
153376_64,68.45,33.62
153376_65,68.45,33.62
153376_66,68.45,33.62
153376_67,68.45,33.62
153376_68,68.45,33.62
153376_69,68.45,33.62
153376_7,68.45,33.62
153376_70,68.45,33.62
153376_71,68.45,33.62
153376_72,68.45,33.62
153376_73,68.45,33.62
153376_75,68.45,33.62
153376_76,68.45,33.62
153376_77,68.45,33.62
153376_78,68.45,33.62
153376_79,68.45,33.62
153376_8,68.45,33.62
153376_80,68.45,33.62
153376_81,68.45,33.62
153376_82,68.45,33.62
153376_83,68.45,33.62
153376_84,68.45,33.62
153376_85,68.45,33.62
153376_86,68.45,33.62
153376_87,68.45,33.62
153376_88,68.45,33.62
153376_89,68.45,33.62
153376_9,68.45,33.62
153377_1,68.45,33.62
153377_10,68.45,33.62
153377_11,68.45,33.62
153377_12,68.45,33.62
153377_13,68.45,33.62
153377_14,68.45,33.62
153377_15,68.45,33.62
153377_16,68.45,33.62
153377_17,68.45,33.62
153377_18,68.45,33.62
153377_19,68.45,33.62
153377_2,68.45,33.62
153377_20,68.45,33.62
153377_21,68.45,33.62
153377_22,68.45,33.62
153377_23,68.45,33.62
153377_24,68.45,33.62
153377_25,68.45,33.62
153377_26,68.45,33.62
153377_27,68.45,33.62
153377_28,68.45,33.62
153377_29,68.45,33.62
153377_3,68.45,33.62
153377_30,68.45,33.62
153377_31,68.45,33.62
153377_32,68.45,33.62
153377_33,68.45,33.62
153377_34,68.45,33.62
153377_35,68.45,33.62
153377_36,68.45,33.62
153377_37,68.45,33.62
153377_38,68.45,33.62
153377_39,68.45,33.62
153377_40,68.45,33.62
153377_41,68.45,33.62
153377_42,68.45,33.62
153377_43,68.45,33.62
153377_44,68.45,33.62
153377_45,68.45,33.62
153377_46,68.45,33.62
153377_47,68.45,33.62
153377_48,68.45,33.62
153377_49,68.45,33.62
153377_50,68.45,33.62
153377_51,68.45,33.62
153377_52,68.45,33.62
153377_53,68.45,33.62
153377_54,68.45,33.62
153377_55,68.45,33.62
153377_56,68.45,33.62
153377_58,68.45,33.62
153377_59,68.45,33.62
153377_60,68.45,33.62
153377_63,68.45,33.62
153377_64,68.45,33.62
153377_65,68.45,33.62
153377_66,68.45,33.62
153377_67,68.45,33.62
153377_68,68.45,33.62
153377_69,68.45,33.62
153377_7,68.45,33.62
153377_70,68.45,33.62
153377_72,68.45,33.62
153377_73,68.45,33.62
153377_74,68.45,33.62
153377_8,68.45,33.62
153377_9,68.45,33.62
153378_1,68.45,33.62
153378_11,68.45,33.62
153378_12,68.45,33.62
153378_13,68.45,33.62
153378_14,68.45,33.62
153378_15,68.45,33.62
153378_16,68.45,33.62
153378_17,68.45,33.62
153378_18,68.45,33.62
153378_19,68.45,33.62
153378_2,68.45,33.62
153378_20,68.45,33.62
153378_21,68.45,33.62
153378_22,68.45,33.62
153378_23,68.45,33.62
153378_24,68.45,33.62
153378_25,68.45,33.62
153378_26,68.45,33.62
153378_27,68.45,33.62
153378_28,68.45,33.62
153378_29,68.45,33.62
153378_3,68.45,33.62
153378_30,68.45,33.62
153378_31,68.45,33.62
153378_32,68.45,33.62
153378_33,68.45,33.62
153378_34,68.45,33.62
153378_35,68.45,33.62
153378_36,68.45,33.62
153378_37,68.45,33.62
153378_38,68.45,33.62
153378_39,68.45,33.62
153378_4,68.45,33.62
153378_40,68.45,33.62
153378_41,68.45,33.62
153378_42,68.45,33.62
153378_43,68.45,33.62
153378_44,68.45,33.62
153378_45,68.45,33.62
153378_46,68.45,33.62
153378_47,68.45,33.62
153378_48,68.45,33.62
153378_49,68.45,33.62
153378_5,68.45,33.62
153378_50,68.45,33.62
153378_51,68.45,33.62
153378_52,68.45,33.62
153378_53,68.45,33.62
153378_55,68.45,33.62
153378_56,68.45,33.62
153378_58,68.45,33.62
153378_59,68.45,33.62
153378_6,68.45,33.62
153378_60,68.45,33.62
153378_61,68.45,33.62
153378_62,68.45,33.62
153378_64,68.45,33.62
153378_65,68.45,33.62
153378_66,68.45,33.62
153378_67,68.45,33.62
153378_69,68.45,33.62
153378_70,68.45,33.62
153378_71,68.45,33.62
153378_72,68.45,33.62
153378_73,68.45,33.62
153378_74,68.45,33.62
153378_75,68.45,33.62
153378_76,68.45,33.62
153378_77,68.45,33.62
153378_78,68.45,33.62
153378_79,68.45,33.62
153378_8,68.45,33.62
153378_80,68.45,33.62
153378_81,68.45,33.62
153378_82,68.45,33.62
153378_83,68.45,33.62
153378_84,68.45,33.62
153378_85,68.45,33.62
153378_86,68.45,33.62
153378_87,68.45,33.62
153378_88,68.45,33.62
153378_89,68.45,33.62
153378_9,68.45,33.62
153378_90,68.45,33.62
153378_91,68.45,33.62
153378_92,68.45,33.62
153378_93,68.45,33.62
153379_1,68.45,33.62
153379_100,68.45,33.62
153379_11,68.45,33.62
153379_12,68.45,33.62
153379_13,68.45,33.62
153379_15,68.45,33.62
153379_16,68.45,33.62
153379_17,68.45,33.62
153379_18,68.45,33.62
153379_19,68.45,33.62
153379_2,68.45,33.62
153379_20,68.45,33.62
153379_21,68.45,33.62
153379_22,68.45,33.62
153379_23,68.45,33.62
153379_24,68.45,33.62
153379_25,68.45,33.62
153379_26,68.45,33.62
153379_27,68.45,33.62
153379_29,68.45,33.62
153379_3,68.45,33.62
153379_30,68.45,33.62
153379_31,68.45,33.62
153379_32,68.45,33.62
153379_33,68.45,33.62
153379_34,68.45,33.62
153379_35,68.45,33.62
153379_36,68.45,33.62
153379_37,68.45,33.62
153379_38,68.45,33.62
153379_39,68.45,33.62
153379_4,68.45,33.62
153379_40,68.45,33.62
153379_41,68.45,33.62
153379_42,68.45,33.62
153379_43,68.45,33.62
153379_44,68.45,33.62
153379_45,68.45,33.62
153379_46,68.45,33.62
153379_47,68.45,33.62
153379_48,68.45,33.62
153379_49,68.45,33.62
153379_5,68.45,33.62
153379_50,68.45,33.62
153379_51,68.45,33.62
153379_52,68.45,33.62
153379_54,68.45,33.62
153379_55,68.45,33.62
153379_56,68.45,33.62
153379_57,68.45,33.62
153379_58,68.45,33.62
153379_59,68.45,33.62
153379_6,68.45,33.62
153379_60,68.45,33.62
153379_61,68.45,33.62
153379_62,68.45,33.62
153379_63,68.45,33.62
153379_64,68.45,33.62
153379_65,68.45,33.62
153379_66,68.45,33.62
153379_67,68.45,33.62
153379_68,68.45,33.62
153379_69,68.45,33.62
153379_7,68.45,33.62
153379_70,68.45,33.62
153379_71,68.45,33.62
153379_72,68.45,33.62
153379_73,68.45,33.62
153379_74,68.45,33.62
153379_75,68.45,33.62
153379_76,68.45,33.62
153379_77,68.45,33.62
153379_78,68.45,33.62
153379_79,68.45,33.62
153379_80,68.45,33.62
153379_81,68.45,33.62
153379_82,68.45,33.62
153379_84,68.45,33.62
153379_87,68.45,33.62
153379_88,68.45,33.62
153379_89,68.45,33.62
153379_9,68.45,33.62
153379_90,68.45,33.62
153379_91,68.45,33.62
153379_92,68.45,33.62
153379_93,68.45,33.62
153379_94,68.45,33.62
153379_96,68.45,33.62
153379_97,68.45,33.62
153379_98,68.45,33.62
153380_1,68.45,33.62
153380_10,68.45,33.62
153380_100,68.45,33.62
153380_101,68.45,33.62
153380_102,68.45,33.62
153380_103,68.45,33.62
153380_104,68.45,33.62
153380_105,68.45,33.62
153380_106,68.45,33.62
153380_107,68.45,33.62
153380_11,68.45,33.62
153380_12,68.45,33.62
153380_13,68.45,33.62
153380_15,68.45,33.62
153380_16,68.45,33.62
153380_17,68.45,33.62
153380_18,68.45,33.62
153380_2,68.45,33.62
153380_20,68.45,33.62
153380_21,68.45,33.62
153380_22,68.45,33.62
153380_23,68.45,33.62
153380_24,68.45,33.62
153380_25,68.45,33.62
153380_26,68.45,33.62
153380_27,68.45,33.62
153380_28,68.45,33.62
153380_29,68.45,33.62
153380_3,68.45,33.62
153380_30,68.45,33.62
153380_31,68.45,33.62
153380_32,68.45,33.62
153380_33,68.45,33.62
153380_34,68.45,33.62
153380_35,68.45,33.62
153380_36,68.45,33.62
153380_37,68.45,33.62
153380_38,68.45,33.62
153380_39,68.45,33.62
153380_4,68.45,33.62
153380_40,68.45,33.62
153380_41,68.45,33.62
153380_42,68.45,33.62
153380_44,68.45,33.62
153380_45,68.45,33.62
153380_46,68.45,33.62
153380_47,68.45,33.62
153380_48,68.45,33.62
153380_49,68.45,33.62
153380_5,68.45,33.62
153380_50,68.45,33.62
153380_52,68.45,33.62
153380_53,68.45,33.62
153380_54,68.45,33.62
153380_55,68.45,33.62
153380_57,68.45,33.62
153380_58,68.45,33.62
153380_59,68.45,33.62
153380_6,68.45,33.62
153380_61,68.45,33.62
153380_62,68.45,33.62
153380_63,68.45,33.62
153380_64,68.45,33.62
153380_65,68.45,33.62
153380_66,68.45,33.62
153380_67,68.45,33.62
153380_68,68.45,33.62
153380_69,68.45,33.62
153380_70,68.45,33.62
153380_71,68.45,33.62
153380_72,68.45,33.62
153380_74,68.45,33.62
153380_75,68.45,33.62
153380_76,68.45,33.62
153380_77,68.45,33.62
153380_78,68.45,33.62
153380_79,68.45,33.62
153380_8,68.45,33.62
153380_80,68.45,33.62
153380_81,68.45,33.62
153380_82,68.45,33.62
153380_83,68.45,33.62
153380_84,68.45,33.62
153380_85,68.45,33.62
153380_86,68.45,33.62
153380_87,68.45,33.62
153380_88,68.45,33.62
153380_89,68.45,33.62
153380_9,68.45,33.62
153380_90,68.45,33.62
153380_91,68.45,33.62
153380_92,68.45,33.62
153380_93,68.45,33.62
153380_94,68.45,33.62
153380_95,68.45,33.62
153380_96,68.45,33.62
153380_97,68.45,33.62
153380_98,68.45,33.62
153380_99,68.45,33.62
153381_1,68.45,33.62
153381_10,68.45,33.62
153381_11,68.45,33.62
153381_12,68.45,33.62
153381_13,68.45,33.62
153381_14,68.45,33.62
153381_16,68.45,33.62
153381_17,68.45,33.62
153381_18,68.45,33.62
153381_2,68.45,33.62
153381_21,68.45,33.62
153381_22,68.45,33.62
153381_23,68.45,33.62
153381_24,68.45,33.62
153381_25,68.45,33.62
153381_26,68.45,33.62
153381_27,68.45,33.62
153381_28,68.45,33.62
153381_29,68.45,33.62
153381_3,68.45,33.62
153381_30,68.45,33.62
153381_31,68.45,33.62
153381_32,68.45,33.62
153381_33,68.45,33.62
153381_34,68.45,33.62
153381_35,68.45,33.62
153381_36,68.45,33.62
153381_37,68.45,33.62
153381_39,68.45,33.62
153381_4,68.45,33.62
153381_41,68.45,33.62
153381_42,68.45,33.62
153381_43,68.45,33.62
153381_44,68.45,33.62
153381_45,68.45,33.62
153381_46,68.45,33.62
153381_47,68.45,33.62
153381_48,68.45,33.62
153381_49,68.45,33.62
153381_5,68.45,33.62
153381_50,68.45,33.62
153381_51,68.45,33.62
153381_52,68.45,33.62
153381_55,68.45,33.62
153381_57,68.45,33.62
153381_58,68.45,33.62
153381_59,68.45,33.62
153381_6,68.45,33.62
153381_60,68.45,33.62
153381_61,68.45,33.62
153381_62,68.45,33.62
153381_63,68.45,33.62
153381_64,68.45,33.62
153381_65,68.45,33.62
153381_66,68.45,33.62
153381_67,68.45,33.62
153381_68,68.45,33.62
153381_7,68.45,33.62
153381_70,68.45,33.62
153381_71,68.45,33.62
153381_72,68.45,33.62
153381_73,68.45,33.62
153381_74,68.45,33.62
153381_75,68.45,33.62
153381_76,68.45,33.62
153381_79,68.45,33.62
153381_8,68.45,33.62
153381_80,68.45,33.62
153381_82,68.45,33.62
153381_83,68.45,33.62
153381_84,68.45,33.62
153381_85,68.45,33.62
153381_88,68.45,33.62
153381_89,68.45,33.62
153381_90,68.45,33.62
153381_92,68.45,33.62
153381_93,68.45,33.62
153381_94,68.45,33.62
153381_95,68.45,33.62
153381_96,68.45,33.62
153382_1,68.45,33.62
153382_10,68.45,33.62
153382_11,68.45,33.62
153382_12,68.45,33.62
153382_13,68.45,33.62
153382_14,68.45,33.62
153382_15,68.45,33.62
153382_16,68.45,33.62
153382_17,68.45,33.62
153382_18,68.45,33.62
153382_19,68.45,33.62
153382_2,68.45,33.62
153382_20,68.45,33.62
153382_22,68.45,33.62
153382_23,68.45,33.62
153382_24,68.45,33.62
153382_25,68.45,33.62
153382_26,68.45,33.62
153382_27,68.45,33.62
153382_28,68.45,33.62
153382_29,68.45,33.62
153382_3,68.45,33.62
153382_30,68.45,33.62
153382_31,68.45,33.62
153382_32,68.45,33.62
153382_34,68.45,33.62
153382_35,68.45,33.62
153382_36,68.45,33.62
153382_37,68.45,33.62
153382_38,68.45,33.62
153382_39,68.45,33.62
153382_4,68.45,33.62
153382_40,68.45,33.62
153382_41,68.45,33.62
153382_42,68.45,33.62
153382_43,68.45,33.62
153382_44,68.45,33.62
153382_45,68.45,33.62
153382_47,68.45,33.62
153382_49,68.45,33.62
153382_5,68.45,33.62
153382_50,68.45,33.62
153382_51,68.45,33.62
153382_52,68.45,33.62
153382_53,68.45,33.62
153382_54,68.45,33.62
153382_55,68.45,33.62
153382_56,68.45,33.62
153382_57,68.45,33.62
153382_58,68.45,33.62
153382_59,68.45,33.62
153382_6,68.45,33.62
153382_63,68.45,33.62
153382_64,68.45,33.62
153382_65,68.45,33.62
153382_66,68.45,33.62
153382_67,68.45,33.62
153382_68,68.45,33.62
153382_7,68.45,33.62
153382_70,68.45,33.62
153382_71,68.45,33.62
153382_72,68.45,33.62
153382_73,68.45,33.62
153382_75,68.45,33.62
153382_76,68.45,33.62
153382_77,68.45,33.62
153382_78,68.45,33.62
153382_8,68.45,33.62
153382_80,68.45,33.62
153382_81,68.45,33.62
153382_82,68.45,33.62
153382_83,68.45,33.62
153382_84,68.45,33.62
153382_85,68.45,33.62
153382_87,68.45,33.62
153382_88,68.45,33.62
153382_89,68.45,33.62
153383_1,68.45,33.62
153383_10,68.45,33.62
153383_11,68.45,33.62
153383_13,68.45,33.62
153383_14,68.45,33.62
153383_15,68.45,33.62
153383_16,68.45,33.62
153383_17,68.45,33.62
153383_18,68.45,33.62
153383_19,68.45,33.62
153383_2,68.45,33.62
153383_20,68.45,33.62
153383_21,68.45,33.62
153383_22,68.45,33.62
153383_23,68.45,33.62
153383_24,68.45,33.62
153383_25,68.45,33.62
153383_26,68.45,33.62
153383_27,68.45,33.62
153383_28,68.45,33.62
153383_29,68.45,33.62
153383_30,68.45,33.62
153383_31,68.45,33.62
153383_32,68.45,33.62
153383_34,68.45,33.62
153383_35,68.45,33.62
153383_36,68.45,33.62
153383_37,68.45,33.62
153383_38,68.45,33.62
153383_39,68.45,33.62
153383_4,68.45,33.62
153383_40,68.45,33.62
153383_41,68.45,33.62
153383_42,68.45,33.62
153383_43,68.45,33.62
153383_44,68.45,33.62
153383_45,68.45,33.62
153383_46,68.45,33.62
153383_47,68.45,33.62
153383_48,68.45,33.62
153383_49,68.45,33.62
153383_5,68.45,33.62
153383_50,68.45,33.62
153383_51,68.45,33.62
153383_53,68.45,33.62
153383_54,68.45,33.62
153383_55,68.45,33.62
153383_56,68.45,33.62
153383_57,68.45,33.62
153383_58,68.45,33.62
153383_59,68.45,33.62
153383_6,68.45,33.62
153383_60,68.45,33.62
153383_62,68.45,33.62
153383_64,68.45,33.62
153383_65,68.45,33.62
153383_66,68.45,33.62
153383_67,68.45,33.62
153383_68,68.45,33.62
153383_69,68.45,33.62
153383_7,68.45,33.62
153383_70,68.45,33.62
153383_71,68.45,33.62
153383_73,68.45,33.62
153383_74,68.45,33.62
153383_75,68.45,33.62
153383_76,68.45,33.62
153383_77,68.45,33.62
153383_78,68.45,33.62
153383_79,68.45,33.62
153383_8,68.45,33.62
153383_80,68.45,33.62
153383_81,68.45,33.62
153383_82,68.45,33.62
153383_83,68.45,33.62
153383_84,68.45,33.62
153383_86,68.45,33.62
153383_9,68.45,33.62
153384_1,68.45,33.62
153384_10,68.45,33.62
153384_100,68.45,33.62
153384_101,68.45,33.62
153384_103,68.45,33.62
153384_104,68.45,33.62
153384_105,68.45,33.62
153384_106,68.45,33.62
153384_107,68.45,33.62
153384_108,68.45,33.62
153384_109,68.45,33.62
153384_11,68.45,33.62
153384_110,68.45,33.62
153384_111,68.45,33.62
153384_113,68.45,33.62
153384_114,68.45,33.62
153384_116,68.45,33.62
153384_117,68.45,33.62
153384_119,68.45,33.62
153384_12,68.45,33.62
153384_15,68.45,33.62
153384_16,68.45,33.62
153384_17,68.45,33.62
153384_18,68.45,33.62
153384_19,68.45,33.62
153384_2,68.45,33.62
153384_20,68.45,33.62
153384_21,68.45,33.62
153384_23,68.45,33.62
153384_24,68.45,33.62
153384_25,68.45,33.62
153384_27,68.45,33.62
153384_28,68.45,33.62
153384_29,68.45,33.62
153384_3,68.45,33.62
153384_30,68.45,33.62
153384_32,68.45,33.62
153384_33,68.45,33.62
153384_34,68.45,33.62
153384_35,68.45,33.62
153384_36,68.45,33.62
153384_37,68.45,33.62
153384_38,68.45,33.62
153384_39,68.45,33.62
153384_4,68.45,33.62
153384_40,68.45,33.62
153384_43,68.45,33.62
153384_44,68.45,33.62
153384_45,68.45,33.62
153384_46,68.45,33.62
153384_48,68.45,33.62
153384_49,68.45,33.62
153384_5,68.45,33.62
153384_50,68.45,33.62
153384_51,68.45,33.62
153384_52,68.45,33.62
153384_53,68.45,33.62
153384_54,68.45,33.62
153384_55,68.45,33.62
153384_58,68.45,33.62
153384_6,68.45,33.62
153384_60,68.45,33.62
153384_61,68.45,33.62
153384_62,68.45,33.62
153384_63,68.45,33.62
153384_65,68.45,33.62
153384_66,68.45,33.62
153384_69,68.45,33.62
153384_7,68.45,33.62
153384_70,68.45,33.62
153384_71,68.45,33.62
153384_73,68.45,33.62
153384_74,68.45,33.62
153384_75,68.45,33.62
153384_76,68.45,33.62
153384_77,68.45,33.62
153384_80,68.45,33.62
153384_81,68.45,33.62
153384_82,68.45,33.62
153384_85,68.45,33.62
153384_86,68.45,33.62
153384_87,68.45,33.62
153384_88,68.45,33.62
153384_89,68.45,33.62
153384_9,68.45,33.62
153384_90,68.45,33.62
153384_91,68.45,33.62
153384_93,68.45,33.62
153384_94,68.45,33.62
153384_95,68.45,33.62
153384_96,68.45,33.62
153384_97,68.45,33.62
153384_98,68.45,33.62
153384_99,68.45,33.62
153385_1,68.45,33.62
153385_10,68.45,33.62
153385_11,68.45,33.62
153385_12,68.45,33.62
153385_13,68.45,33.62
153385_16,68.45,33.62
153385_17,68.45,33.62
153385_18,68.45,33.62
153385_19,68.45,33.62
153385_2,68.45,33.62
153385_20,68.45,33.62
153385_21,68.45,33.62
153385_22,68.45,33.62
153385_23,68.45,33.62
153385_24,68.45,33.62
153385_25,68.45,33.62
153385_26,68.45,33.62
153385_28,68.45,33.62
153385_3,68.45,33.62
153385_30,68.45,33.62
153385_31,68.45,33.62
153385_34,68.45,33.62
153385_35,68.45,33.62
153385_36,68.45,33.62
153385_38,68.45,33.62
153385_39,68.45,33.62
153385_4,68.45,33.62
153385_40,68.45,33.62
153385_41,68.45,33.62
153385_42,68.45,33.62
153385_43,68.45,33.62
153385_44,68.45,33.62
153385_45,68.45,33.62
153385_47,68.45,33.62
153385_48,68.45,33.62
153385_49,68.45,33.62
153385_5,68.45,33.62
153385_50,68.45,33.62
153385_51,68.45,33.62
153385_52,68.45,33.62
153385_53,68.45,33.62
153385_54,68.45,33.62
153385_55,68.45,33.62
153385_58,68.45,33.62
153385_59,68.45,33.62
153385_6,68.45,33.62
153385_60,68.45,33.62
153385_61,68.45,33.62
153385_63,68.45,33.62
153385_64,68.45,33.62
153385_65,68.45,33.62
153385_66,68.45,33.62
153385_67,68.45,33.62
153385_68,68.45,33.62
153385_69,68.45,33.62
153385_7,68.45,33.62
153385_70,68.45,33.62
153385_72,68.45,33.62
153385_74,68.45,33.62
153385_75,68.45,33.62
153385_76,68.45,33.62
153385_77,68.45,33.62
153385_79,68.45,33.62
153385_8,68.45,33.62
153385_80,68.45,33.62
153385_81,68.45,33.62
153385_82,68.45,33.62
153385_83,68.45,33.62
153385_84,68.45,33.62
153385_89,68.45,33.62
153385_9,68.45,33.62
153385_90,68.45,33.62
153386_1,68.45,33.62
153386_10,68.45,33.62
153386_12,68.45,33.62
153386_13,68.45,33.62
153386_14,68.45,33.62
153386_15,68.45,33.62
153386_16,68.45,33.62
153386_17,68.45,33.62
153386_18,68.45,33.62
153386_2,68.45,33.62
153386_20,68.45,33.62
153386_21,68.45,33.62
153386_22,68.45,33.62
153386_23,68.45,33.62
153386_24,68.45,33.62
153386_25,68.45,33.62
153386_26,68.45,33.62
153386_28,68.45,33.62
153386_29,68.45,33.62
153386_3,68.45,33.62
153386_31,68.45,33.62
153386_33,68.45,33.62
153386_34,68.45,33.62
153386_35,68.45,33.62
153386_36,68.45,33.62
153386_37,68.45,33.62
153386_38,68.45,33.62
153386_39,68.45,33.62
153386_4,68.45,33.62
153386_40,68.45,33.62
153386_41,68.45,33.62
153386_42,68.45,33.62
153386_43,68.45,33.62
153386_44,68.45,33.62
153386_45,68.45,33.62
153386_46,68.45,33.62
153386_47,68.45,33.62
153386_48,68.45,33.62
153386_49,68.45,33.62
153386_5,68.45,33.62
153386_50,68.45,33.62
153386_51,68.45,33.62
153386_52,68.45,33.62
153386_53,68.45,33.62
153386_54,68.45,33.62
153386_55,68.45,33.62
153386_56,68.45,33.62
153386_57,68.45,33.62
153386_58,68.45,33.62
153386_59,68.45,33.62
153386_6,68.45,33.62
153386_60,68.45,33.62
153386_61,68.45,33.62
153386_62,68.45,33.62
153386_63,68.45,33.62
153386_64,68.45,33.62
153386_66,68.45,33.62
153386_67,68.45,33.62
153386_69,68.45,33.62
153386_7,68.45,33.62
153386_70,68.45,33.62
153386_72,68.45,33.62
153386_73,68.45,33.62
153386_74,68.45,33.62
153386_76,68.45,33.62
153386_77,68.45,33.62
153386_78,68.45,33.62
153386_79,68.45,33.62
153386_8,68.45,33.62
153386_80,68.45,33.62
153386_81,68.45,33.62
153386_82,68.45,33.62
153387_1,68.45,33.62
153387_10,68.45,33.62
153387_11,68.45,33.62
153387_12,68.45,33.62
153387_13,68.45,33.62
153387_14,68.45,33.62
153387_15,68.45,33.62
153387_16,68.45,33.62
153387_17,68.45,33.62
153387_18,68.45,33.62
153387_19,68.45,33.62
153387_2,68.45,33.62
153387_20,68.45,33.62
153387_21,68.45,33.62
153387_22,68.45,33.62
153387_25,68.45,33.62
153387_26,68.45,33.62
153387_27,68.45,33.62
153387_29,68.45,33.62
153387_3,68.45,33.62
153387_30,68.45,33.62
153387_31,68.45,33.62
153387_32,68.45,33.62
153387_33,68.45,33.62
153387_34,68.45,33.62
153387_35,68.45,33.62
153387_36,68.45,33.62
153387_37,68.45,33.62
153387_38,68.45,33.62
153387_39,68.45,33.62
153387_4,68.45,33.62
153387_40,68.45,33.62
153387_41,68.45,33.62
153387_42,68.45,33.62
153387_43,68.45,33.62
153387_44,68.45,33.62
153387_45,68.45,33.62
153387_46,68.45,33.62
153387_47,68.45,33.62
153387_48,68.45,33.62
153387_49,68.45,33.62
153387_5,68.45,33.62
153387_50,68.45,33.62
153387_51,68.45,33.62
153387_52,68.45,33.62
153387_54,68.45,33.62
153387_55,68.45,33.62
153387_56,68.45,33.62
153387_57,68.45,33.62
153387_58,68.45,33.62
153387_59,68.45,33.62
153387_6,68.45,33.62
153387_60,68.45,33.62
153387_61,68.45,33.62
153387_62,68.45,33.62
153387_63,68.45,33.62
153387_64,68.45,33.62
153387_66,68.45,33.62
153387_67,68.45,33.62
153387_68,68.45,33.62
153387_69,68.45,33.62
153387_7,68.45,33.62
153387_70,68.45,33.62
153387_71,68.45,33.62
153387_72,68.45,33.62
153387_73,68.45,33.62
153387_74,68.45,33.62
153387_75,68.45,33.62
153387_76,68.45,33.62
153387_77,68.45,33.62
153387_78,68.45,33.62
153387_79,68.45,33.62
153387_8,68.45,33.62
153387_80,68.45,33.62
153387_81,68.45,33.62
153387_82,68.45,33.62
153387_83,68.45,33.62
153387_84,68.45,33.62
153387_85,68.45,33.62
153387_86,68.45,33.62
153387_87,68.45,33.62
153387_88,68.45,33.62
153388_1,68.45,33.62
153388_10,68.45,33.62
153388_11,68.45,33.62
153388_12,68.45,33.62
153388_13,68.45,33.62
153388_14,68.45,33.62
153388_15,68.45,33.62
153388_16,68.45,33.62
153388_17,68.45,33.62
153388_18,68.45,33.62
153388_19,68.45,33.62
153388_2,68.45,33.62
153388_20,68.45,33.62
153388_21,68.45,33.62
153388_22,68.45,33.62
153388_23,68.45,33.62
153388_24,68.45,33.62
153388_25,68.45,33.62
153388_26,68.45,33.62
153388_27,68.45,33.62
153388_28,68.45,33.62
153388_29,68.45,33.62
153388_32,68.45,33.62
153388_33,68.45,33.62
153388_34,68.45,33.62
153388_35,68.45,33.62
153388_36,68.45,33.62
153388_37,68.45,33.62
153388_38,68.45,33.62
153388_39,68.45,33.62
153388_4,68.45,33.62
153388_40,68.45,33.62
153388_41,68.45,33.62
153388_42,68.45,33.62
153388_43,68.45,33.62
153388_44,68.45,33.62
153388_45,68.45,33.62
153388_46,68.45,33.62
153388_47,68.45,33.62
153388_48,68.45,33.62
153388_49,68.45,33.62
153388_5,68.45,33.62
153388_50,68.45,33.62
153388_51,68.45,33.62
153388_52,68.45,33.62
153388_54,68.45,33.62
153388_55,68.45,33.62
153388_56,68.45,33.62
153388_57,68.45,33.62
153388_59,68.45,33.62
153388_6,68.45,33.62
153388_60,68.45,33.62
153388_61,68.45,33.62
153388_62,68.45,33.62
153388_63,68.45,33.62
153388_64,68.45,33.62
153388_65,68.45,33.62
153388_66,68.45,33.62
153388_67,68.45,33.62
153388_68,68.45,33.62
153388_69,68.45,33.62
153388_7,68.45,33.62
153388_70,68.45,33.62
153388_71,68.45,33.62
153388_72,68.45,33.62
153388_73,68.45,33.62
153388_74,68.45,33.62
153388_75,68.45,33.62
153388_78,68.45,33.62
153388_79,68.45,33.62
153388_8,68.45,33.62
153388_80,68.45,33.62
153388_81,68.45,33.62
153388_82,68.45,33.62
153388_9,68.45,33.62
153389_1,68.45,33.62
153389_10,68.45,33.62
153389_11,68.45,33.62
153389_12,68.45,33.62
153389_13,68.45,33.62
153389_14,68.45,33.62
153389_15,68.45,33.62
153389_16,68.45,33.62
153389_17,68.45,33.62
153389_18,68.45,33.62
153389_19,68.45,33.62
153389_2,68.45,33.62
153389_21,68.45,33.62
153389_22,68.45,33.62
153389_23,68.45,33.62
153389_24,68.45,33.62
153389_25,68.45,33.62
153389_26,68.45,33.62
153389_27,68.45,33.62
153389_28,68.45,33.62
153389_29,68.45,33.62
153389_3,68.45,33.62
153389_30,68.45,33.62
153389_31,68.45,33.62
153389_32,68.45,33.62
153389_33,68.45,33.62
153389_34,68.45,33.62
153389_35,68.45,33.62
153389_36,68.45,33.62
153389_37,68.45,33.62
153389_38,68.45,33.62
153389_39,68.45,33.62
153389_4,68.45,33.62
153389_40,68.45,33.62
153389_41,68.45,33.62
153389_42,68.45,33.62
153389_43,68.45,33.62
153389_45,68.45,33.62
153389_47,68.45,33.62
153389_48,68.45,33.62
153389_5,68.45,33.62
153389_50,68.45,33.62
153389_51,68.45,33.62
153389_52,68.45,33.62
153389_53,68.45,33.62
153389_54,68.45,33.62
153389_55,68.45,33.62
153389_57,68.45,33.62
153389_58,68.45,33.62
153389_6,68.45,33.62
153389_60,68.45,33.62
153389_61,68.45,33.62
153389_62,68.45,33.62
153389_63,68.45,33.62
153389_64,68.45,33.62
153389_65,68.45,33.62
153389_66,68.45,33.62
153389_67,68.45,33.62
153389_68,68.45,33.62
153389_69,68.45,33.62
153389_70,68.45,33.62
153389_71,68.45,33.62
153389_72,68.45,33.62
153389_73,68.45,33.62
153389_75,68.45,33.62
153389_76,68.45,33.62
153389_78,68.45,33.62
153389_8,68.45,33.62
153389_80,68.45,33.62
153389_81,68.45,33.62
153389_82,68.45,33.62
153389_9,68.45,33.62
153390_1,68.45,33.62
153390_10,68.45,33.62
153390_11,68.45,33.62
153390_12,68.45,33.62
153390_13,68.45,33.62
153390_14,68.45,33.62
153390_15,68.45,33.62
153390_16,68.45,33.62
153390_17,68.45,33.62
153390_18,68.45,33.62
153390_19,68.45,33.62
153390_2,68.45,33.62
153390_20,68.45,33.62
153390_21,68.45,33.62
153390_22,68.45,33.62
153390_24,68.45,33.62
153390_26,68.45,33.62
153390_27,68.45,33.62
153390_28,68.45,33.62
153390_29,68.45,33.62
153390_3,68.45,33.62
153390_30,68.45,33.62
153390_31,68.45,33.62
153390_32,68.45,33.62
153390_33,68.45,33.62
153390_34,68.45,33.62
153390_35,68.45,33.62
153390_36,68.45,33.62
153390_37,68.45,33.62
153390_38,68.45,33.62
153390_39,68.45,33.62
153390_4,68.45,33.62
153390_40,68.45,33.62
153390_41,68.45,33.62
153390_42,68.45,33.62
153390_43,68.45,33.62
153390_44,68.45,33.62
153390_45,68.45,33.62
153390_46,68.45,33.62
153390_47,68.45,33.62
153390_48,68.45,33.62
153390_49,68.45,33.62
153390_5,68.45,33.62
153390_50,68.45,33.62
153390_51,68.45,33.62
153390_52,68.45,33.62
153390_53,68.45,33.62
153390_56,68.45,33.62
153390_59,68.45,33.62
153390_6,68.45,33.62
153390_60,68.45,33.62
153390_61,68.45,33.62
153390_62,68.45,33.62
153390_63,68.45,33.62
153390_64,68.45,33.62
153390_65,68.45,33.62
153390_66,68.45,33.62
153390_67,68.45,33.62
153390_68,68.45,33.62
153390_69,68.45,33.62
153390_7,68.45,33.62
153390_71,68.45,33.62
153390_72,68.45,33.62
153390_73,68.45,33.62
153390_74,68.45,33.62
153390_75,68.45,33.62
153390_76,68.45,33.62
153390_77,68.45,33.62
153390_78,68.45,33.62
153390_8,68.45,33.62
153390_80,68.45,33.62
153390_81,68.45,33.62
153390_82,68.45,33.62
153390_83,68.45,33.62
153390_84,68.45,33.62
153390_86,68.45,33.62
153390_9,68.45,33.62
153391_1,68.45,33.62
153391_10,68.45,33.62
153391_11,68.45,33.62
153391_12,68.45,33.62
153391_13,68.45,33.62
153391_14,68.45,33.62
153391_15,68.45,33.62
153391_16,68.45,33.62
153391_17,68.45,33.62
153391_18,68.45,33.62
153391_19,68.45,33.62
153391_2,68.45,33.62
153391_20,68.45,33.62
153391_21,68.45,33.62
153391_22,68.45,33.62
153391_24,68.45,33.62
153391_26,68.45,33.62
153391_27,68.45,33.62
153391_28,68.45,33.62
153391_29,68.45,33.62
153391_3,68.45,33.62
153391_30,68.45,33.62
153391_31,68.45,33.62
153391_32,68.45,33.62
153391_33,68.45,33.62
153391_34,68.45,33.62
153391_35,68.45,33.62
153391_36,68.45,33.62
153391_37,68.45,33.62
153391_38,68.45,33.62
153391_39,68.45,33.62
153391_40,68.45,33.62
153391_41,68.45,33.62
153391_42,68.45,33.62
153391_43,68.45,33.62
153391_44,68.45,33.62
153391_45,68.45,33.62
153391_46,68.45,33.62
153391_47,68.45,33.62
153391_48,68.45,33.62
153391_49,68.45,33.62
153391_5,68.45,33.62
153391_50,68.45,33.62
153391_51,68.45,33.62
153391_52,68.45,33.62
153391_53,68.45,33.62
153391_54,68.45,33.62
153391_55,68.45,33.62
153391_56,68.45,33.62
153391_57,68.45,33.62
153391_58,68.45,33.62
153391_59,68.45,33.62
153391_6,68.45,33.62
153391_60,68.45,33.62
153391_61,68.45,33.62
153391_63,68.45,33.62
153391_64,68.45,33.62
153391_65,68.45,33.62
153391_66,68.45,33.62
153391_68,68.45,33.62
153391_69,68.45,33.62
153391_70,68.45,33.62
153391_71,68.45,33.62
153391_72,68.45,33.62
153391_73,68.45,33.62
153391_76,68.45,33.62
153391_77,68.45,33.62
153391_78,68.45,33.62
153391_79,68.45,33.62
153391_80,68.45,33.62
153391_81,68.45,33.62
153391_82,68.45,33.62
153391_83,68.45,33.62
153391_85,68.45,33.62
153391_86,68.45,33.62
153391_9,68.45,33.62
153392_1,68.45,33.62
153392_10,68.45,33.62
153392_100,68.45,33.62
153392_102,68.45,33.62
153392_103,68.45,33.62
153392_104,68.45,33.62
153392_105,68.45,33.62
153392_106,68.45,33.62
153392_107,68.45,33.62
153392_108,68.45,33.62
153392_11,68.45,33.62
153392_13,68.45,33.62
153392_14,68.45,33.62
153392_15,68.45,33.62
153392_17,68.45,33.62
153392_18,68.45,33.62
153392_2,68.45,33.62
153392_20,68.45,33.62
153392_21,68.45,33.62
153392_22,68.45,33.62
153392_23,68.45,33.62
153392_24,68.45,33.62
153392_25,68.45,33.62
153392_26,68.45,33.62
153392_27,68.45,33.62
153392_29,68.45,33.62
153392_3,68.45,33.62
153392_30,68.45,33.62
153392_32,68.45,33.62
153392_33,68.45,33.62
153392_34,68.45,33.62
153392_35,68.45,33.62
153392_36,68.45,33.62
153392_37,68.45,33.62
153392_38,68.45,33.62
153392_39,68.45,33.62
153392_4,68.45,33.62
153392_40,68.45,33.62
153392_41,68.45,33.62
153392_44,68.45,33.62
153392_45,68.45,33.62
153392_46,68.45,33.62
153392_47,68.45,33.62
153392_48,68.45,33.62
153392_49,68.45,33.62
153392_5,68.45,33.62
153392_50,68.45,33.62
153392_52,68.45,33.62
153392_53,68.45,33.62
153392_54,68.45,33.62
153392_55,68.45,33.62
153392_56,68.45,33.62
153392_57,68.45,33.62
153392_59,68.45,33.62
153392_6,68.45,33.62
153392_60,68.45,33.62
153392_62,68.45,33.62
153392_63,68.45,33.62
153392_64,68.45,33.62
153392_65,68.45,33.62
153392_66,68.45,33.62
153392_67,68.45,33.62
153392_68,68.45,33.62
153392_7,68.45,33.62
153392_71,68.45,33.62
153392_72,68.45,33.62
153392_73,68.45,33.62
153392_74,68.45,33.62
153392_75,68.45,33.62
153392_76,68.45,33.62
153392_77,68.45,33.62
153392_78,68.45,33.62
153392_79,68.45,33.62
153392_8,68.45,33.62
153392_80,68.45,33.62
153392_81,68.45,33.62
153392_82,68.45,33.62
153392_83,68.45,33.62
153392_84,68.45,33.62
153392_85,68.45,33.62
153392_86,68.45,33.62
153392_87,68.45,33.62
153392_89,68.45,33.62
153392_90,68.45,33.62
153392_91,68.45,33.62
153392_92,68.45,33.62
153392_93,68.45,33.62
153392_95,68.45,33.62
153392_96,68.45,33.62
153392_97,68.45,33.62
153392_98,68.45,33.62
153392_99,68.45,33.62
